{
  "project_info": {
    "project_number": "275153585606",
    "project_id": "srikanth-cc56d",
    "storage_bucket": "srikanth-cc56d.appspot.com"
  },
  "client": [
    {
      "client_info": {
        "mobilesdk_app_id": "1:275153585606:android:bb6a1e1f391b6986b79ec7",
        "android_client_info": {
          "package_name": "com.example.sri"
        }
      },
      "oauth_client": [
        {
          "client_id": "275153585606-cg4pmgofs0fh1eeq248m92qief37t61o.apps.googleusercontent.com",
          "client_type": 3
        }
      ],
      "api_key": [
        {
          "current_key": "AIzaSyAxisb9-v-blWbNOxyKoEqzOHWpGdBExBU"
        }
      ],
      "services": {
        "appinvite_service": {
          "other_platform_oauth_client": [
            {
              "client_id": "275153585606-cg4pmgofs0fh1eeq248m92qief37t61o.apps.googleusercontent.com",
              "client_type": 3
            }
          ]
        }
      }
    }
  ],
  "configuration_version": "1"
}